date,project,branch,start_time,end_time,duration_min,user_msg_count,task_count,files_modified_count,tools_used
2026-03-31,2_opensees_models,unknown,19:48,19:48,0,36,10,30,"Read, Glob, ToolSearch, mcp__sequential-thinking__sequentialthinking, Write, Edit, Grep, TodoWrite, Bash, Agent, WebFetch"
2026-03-31,TREE_OF_THOUGHT,master,09:29,20:34,665,40,10,30,"Read, Glob, ToolSearch, mcp__sequential-thinking__sequentialthinking, Write, Edit, Grep, TodoWrite, Bash, Agent, WebFetch"
2026-04-01,2_opensees_models,unknown,17:14,17:14,0,58,10,30,"Read, Glob, ToolSearch, mcp__sequential-thinking__sequentialthinking, Write, Edit, Grep, TodoWrite, Bash, Agent, WebFetch"
2026-04-01,OPTUM,unknown,06:55,06:55,0,42,10,30,"Read, Glob, ToolSearch, mcp__sequential-thinking__sequentialthinking, Write, Edit, Grep, TodoWrite, Bash, Agent, WebFetch"
2026-04-01,TREE_OF_THOUGHT,master,06:56,23:54,1018,94,10,30,"Read, Glob, ToolSearch, mcp__sequential-thinking__sequentialthinking, Write, Edit, Grep, TodoWrite, Bash, Agent, WebFetch"
2026-04-02,ch5_centrifuge_testing_year2,unknown,16:25,16:25,0,1,1,1,"Glob, Read, Bash, Write"
2026-04-02,the_council,main,17:24,23:37,373,70,10,30,"Glob, Agent, Bash, Read, ToolSearch, TodoWrite, Grep, Write, AskUserQuestion, Edit, mcp__exa__web_search_exa, mcp__exa__crawling_exa, mcp__github__create_repository, mcp__github__get_file_contents"
2026-04-02,TREE_OF_THOUGHT,master,05:48,23:13,1045,65,10,30,"Glob, Agent, Bash, Read, ToolSearch, TodoWrite, Grep, Write, AskUserQuestion, Edit, mcp__exa__web_search_exa, mcp__exa__crawling_exa, mcp__github__create_repository, mcp__github__get_file_contents"
2026-04-03,the_council,main,07:39,18:58,679,21,10,9,"Agent, Read, Edit, Grep, Bash, Write"
2026-04-03,TREE_OF_THOUGHT,master,07:40,21:59,859,9,9,2,"Glob, Read, Bash, ToolSearch, Agent, Write, Edit"
2026-04-04,TREE_OF_THOUGHT,master,00:16,08:58,522,18,10,8,"Glob, Read, Bash, ToolSearch, Agent, Write, Edit, Grep"
2026-04-06,TREE_OF_THOUGHT,master,11:02,22:32,690,18,10,11,"Agent, Glob, Read, ToolSearch, TodoWrite, Bash, Write, Edit"
2026-04-07,reports,main,11:47,12:41,54,16,10,25,"Bash, ToolSearch, TodoWrite, WebSearch, WebFetch, Write, Read, Edit"
2026-04-07,TREE_OF_THOUGHT,master,07:40,18:01,621,34,10,30,"Bash, Read, ToolSearch, TodoWrite, Write, Edit, Grep, Agent"
2026-04-08,numerical_model_fresh,main,15:47,21:47,360,87,10,30,"Bash, Read, ToolSearch, TodoWrite, Write, Edit, Grep, Agent"
2026-04-08,PHD,main,10:56,16:22,326,45,10,30,"Bash, Read, ToolSearch, TodoWrite, Write, Edit, Grep, Agent"
2026-04-08,TREE_OF_THOUGHT,master,10:03,20:14,611,81,10,30,"Bash, Read, ToolSearch, TodoWrite, Write, Edit, Grep, Agent"
2026-04-09,numerical_model_fresh,main,06:29,17:39,670,196,10,30,"Bash, Read, ToolSearch, TodoWrite, Write, Edit, Grep, Agent"
2026-04-09,PHD,main,07:52,18:28,636,203,10,30,"Bash, Read, ToolSearch, TodoWrite, Write, Edit, Grep, Agent"
2026-04-09,TREE_OF_THOUGHT,master,07:15,18:30,675,204,10,30,"Bash, Read, ToolSearch, TodoWrite, Write, Edit, Grep, Agent"
2026-04-10,numerical_model_fresh,main,11:35,21:59,624,252,10,30,"Bash, Read, ToolSearch, TodoWrite, Write, Edit, Grep, Agent, WebFetch, WebSearch, AskUserQuestion, Glob"
2026-04-10,PHD,main,11:23,17:31,368,31,10,27,"Agent, Write, Read, Glob, ToolSearch, TodoWrite, Bash, Edit, Grep"
2026-04-10,TREE_OF_THOUGHT,master,11:24,22:08,644,253,10,30,"Bash, Read, ToolSearch, TodoWrite, Write, Edit, Grep, Agent, WebFetch, WebSearch, AskUserQuestion, Glob"
2026-04-11,numerical_model_fresh,main,03:11,14:23,672,280,10,30,"Bash, Read, ToolSearch, TodoWrite, Write, Edit, Grep, Agent, WebFetch, WebSearch, AskUserQuestion, Glob"
2026-04-11,TREE_OF_THOUGHT,master,05:40,14:34,534,282,10,30,"Bash, Read, ToolSearch, TodoWrite, Write, Edit, Grep, Agent, WebFetch, WebSearch, AskUserQuestion, Glob"
2026-04-12,QUANT,main,15:16,23:59,523,35,10,30,"Bash, Agent, ToolSearch, WebSearch, Write, Read, WebFetch, Glob, Edit, Grep"
2026-04-12,TREE_OF_THOUGHT,master,15:10,15:10,0,1,1,30,"Bash, Agent, ToolSearch, TodoWrite, Write, Edit, Read"
2026-04-13,PHD,main,16:36,16:36,0,1,1,0,"Bash, Read, Agent"
2026-04-13,QUANT,main,00:00,15:03,903,56,10,30,"Bash, Agent, ToolSearch, WebSearch, Write, Read, WebFetch, Glob, Edit, Grep"
2026-04-13,TREE_OF_THOUGHT,master,16:49,19:18,149,39,10,26,"Bash, Read, ToolSearch, TodoWrite, Write, Edit, Agent, WebSearch, WebFetch"
2026-04-14,tmp,unknown,11:48,16:33,285,8,8,1,"Read, Bash, Write, Edit"
2026-04-14,TREE_OF_THOUGHT,master,15:45,16:43,58,9,9,2,"Read, Bash, Write, Edit"
2026-04-15,numerical_model_fresh,main,16:05,18:43,158,17,10,30,"Read, Bash, ToolSearch, TodoWrite, Grep, Write, Edit"
2026-04-15,paperA_dt_decision,main,14:31,17:55,204,90,10,30,"Agent, Bash, Write, Read, Grep, Edit, ScheduleWakeup"
2026-04-15,paperB_buckingham_pi,main,18:00,18:30,30,3,3,5,"Bash, Glob, Read, Edit, Write"
2026-04-15,PHD,main,13:30,14:13,43,23,10,17,"Agent, Bash, Write, Read, Grep, Edit"
2026-04-15,site,main,20:58,22:08,70,16,10,21,"Bash, Read, Glob, Agent, ToolSearch, Write, Edit"
2026-04-15,TREE_OF_THOUGHT,master,12:54,20:15,441,12,10,12,"Bash, Read, Glob, Agent, ToolSearch, Write, Edit"
2026-04-16,ch4_1_optumgx_opensees_revised,main,15:56,16:23,27,14,10,30,"Read, Bash, ToolSearch, TodoWrite, Agent, Write, Edit, Grep"
2026-04-16,ch5_centrifuge_testing_year2,unknown,16:35,16:35,0,16,10,30,"Read, Bash, ToolSearch, TodoWrite, Agent, Write, Edit, Grep"
2026-04-16,numerical_model_fresh,main,15:20,15:28,8,10,10,30,"Read, Bash, ToolSearch, TodoWrite, Agent, Write, Edit, Grep"
2026-04-16,paperB_buckingham_pi,main,22:55,22:55,0,62,10,30,"Read, Bash, ToolSearch, TodoWrite, Agent, Write, Edit, Grep, WebFetch"
2026-04-16,papers,main,16:26,22:23,357,60,10,30,"Read, Bash, ToolSearch, TodoWrite, Agent, Write, Edit, Grep, WebFetch"
2026-04-16,PHD,main,15:05,16:50,105,14,10,26,"Bash, Read, Grep, ToolSearch, TodoWrite, Write, Edit, TaskOutput, TaskStop"
2026-04-16,TREE_OF_THOUGHT,master,13:31,19:03,332,38,10,30,"Read, Bash, ToolSearch, TodoWrite, Agent, Write, Edit, Grep"
2026-04-17,ai_style_checker,main,14:53,14:53,0,9,9,30,"Agent, Read, Bash, ToolSearch, TodoWrite, Write, Edit, Grep"
2026-04-17,health_tracker,main,18:19,18:50,31,12,10,9,"Bash, ToolSearch, TodoWrite, Write, Read, Edit"
2026-04-17,manuscript_pipeline,main,14:10,14:10,0,2,2,30,"Agent, Read, Bash, ToolSearch, TodoWrite, Write, Edit, Grep"
2026-04-17,paperA_dt_decision,main,11:21,11:21,0,92,10,30,"Read, Bash, ToolSearch, TodoWrite, Agent, Write, Edit, Grep, WebFetch"
2026-04-17,paperB_buckingham_pi,main,05:58,13:34,456,119,10,30,"Read, Bash, ToolSearch, TodoWrite, Agent, Write, Edit, Grep, WebFetch, WebSearch"
2026-04-17,paperE_encoder,master,06:28,10:42,254,83,10,30,"Read, Bash, ToolSearch, TodoWrite, Agent, Write, Edit, Grep, WebFetch"
2026-04-17,paperOp3_aes,master,08:57,11:02,125,88,10,30,"Read, Bash, ToolSearch, TodoWrite, Agent, Write, Edit, Grep, WebFetch"
2026-04-17,papers,main,09:41,20:58,677,22,10,27,"Bash, Agent, ToolSearch, TodoWrite, Glob, Read, Write, Monitor, Edit, EnterPlanMode, ExitPlanMode, Grep"
2026-04-17,paperV2_shm_sage,master,08:51,10:12,81,80,10,30,"Read, Bash, ToolSearch, TodoWrite, Agent, Write, Edit, Grep, WebFetch"
2026-04-17,pdf_search_engine,main,14:40,15:48,68,19,10,30,"Agent, Read, Bash, ToolSearch, TodoWrite, Write, Edit, Grep"
2026-04-17,publishing_engine,main,12:29,14:28,119,5,5,30,"Agent, Read, Bash, ToolSearch, TodoWrite, Write, Edit, Grep"
2026-04-17,sentence_evolver,main,14:00,15:23,83,13,10,30,"Agent, Read, Bash, ToolSearch, TodoWrite, Write, Edit, Grep"
2026-04-17,TREE_OF_THOUGHT,master,09:00,21:14,734,3,3,0,Bash
