date,project,tool_name
2026-03-31,2_opensees_models,Read
2026-03-31,2_opensees_models,Glob
2026-03-31,2_opensees_models,ToolSearch
2026-03-31,2_opensees_models,mcp__sequential-thinking__sequentialthinking
2026-03-31,2_opensees_models,Write
2026-03-31,2_opensees_models,Edit
2026-03-31,2_opensees_models,Grep
2026-03-31,2_opensees_models,TodoWrite
2026-03-31,2_opensees_models,Bash
2026-03-31,2_opensees_models,Agent
2026-03-31,2_opensees_models,WebFetch
2026-03-31,TREE_OF_THOUGHT,Read
2026-03-31,TREE_OF_THOUGHT,Glob
2026-03-31,TREE_OF_THOUGHT,ToolSearch
2026-03-31,TREE_OF_THOUGHT,mcp__sequential-thinking__sequentialthinking
2026-03-31,TREE_OF_THOUGHT,Write
2026-03-31,TREE_OF_THOUGHT,Edit
2026-03-31,TREE_OF_THOUGHT,Grep
2026-03-31,TREE_OF_THOUGHT,TodoWrite
2026-03-31,TREE_OF_THOUGHT,Bash
2026-03-31,TREE_OF_THOUGHT,Agent
2026-03-31,TREE_OF_THOUGHT,WebFetch
2026-04-01,2_opensees_models,Read
2026-04-01,2_opensees_models,Glob
2026-04-01,2_opensees_models,ToolSearch
2026-04-01,2_opensees_models,mcp__sequential-thinking__sequentialthinking
2026-04-01,2_opensees_models,Write
2026-04-01,2_opensees_models,Edit
2026-04-01,2_opensees_models,Grep
2026-04-01,2_opensees_models,TodoWrite
2026-04-01,2_opensees_models,Bash
2026-04-01,2_opensees_models,Agent
2026-04-01,2_opensees_models,WebFetch
2026-04-01,OPTUM,Read
2026-04-01,OPTUM,Glob
2026-04-01,OPTUM,ToolSearch
2026-04-01,OPTUM,mcp__sequential-thinking__sequentialthinking
2026-04-01,OPTUM,Write
2026-04-01,OPTUM,Edit
2026-04-01,OPTUM,Grep
2026-04-01,OPTUM,TodoWrite
2026-04-01,OPTUM,Bash
2026-04-01,OPTUM,Agent
2026-04-01,OPTUM,WebFetch
2026-04-01,TREE_OF_THOUGHT,Read
2026-04-01,TREE_OF_THOUGHT,Glob
2026-04-01,TREE_OF_THOUGHT,ToolSearch
2026-04-01,TREE_OF_THOUGHT,mcp__sequential-thinking__sequentialthinking
2026-04-01,TREE_OF_THOUGHT,Write
2026-04-01,TREE_OF_THOUGHT,Edit
2026-04-01,TREE_OF_THOUGHT,Grep
2026-04-01,TREE_OF_THOUGHT,TodoWrite
2026-04-01,TREE_OF_THOUGHT,Bash
2026-04-01,TREE_OF_THOUGHT,Agent
2026-04-01,TREE_OF_THOUGHT,WebFetch
2026-04-02,ch5_centrifuge_testing_year2,Glob
2026-04-02,ch5_centrifuge_testing_year2,Read
2026-04-02,ch5_centrifuge_testing_year2,Bash
2026-04-02,ch5_centrifuge_testing_year2,Write
2026-04-02,the_council,Glob
2026-04-02,the_council,Agent
2026-04-02,the_council,Bash
2026-04-02,the_council,Read
2026-04-02,the_council,ToolSearch
2026-04-02,the_council,TodoWrite
2026-04-02,the_council,Grep
2026-04-02,the_council,Write
2026-04-02,the_council,AskUserQuestion
2026-04-02,the_council,Edit
2026-04-02,the_council,mcp__exa__web_search_exa
2026-04-02,the_council,mcp__exa__crawling_exa
2026-04-02,the_council,mcp__github__create_repository
2026-04-02,the_council,mcp__github__get_file_contents
2026-04-02,TREE_OF_THOUGHT,Glob
2026-04-02,TREE_OF_THOUGHT,Agent
2026-04-02,TREE_OF_THOUGHT,Bash
2026-04-02,TREE_OF_THOUGHT,Read
2026-04-02,TREE_OF_THOUGHT,ToolSearch
2026-04-02,TREE_OF_THOUGHT,TodoWrite
2026-04-02,TREE_OF_THOUGHT,Grep
2026-04-02,TREE_OF_THOUGHT,Write
2026-04-02,TREE_OF_THOUGHT,AskUserQuestion
2026-04-02,TREE_OF_THOUGHT,Edit
2026-04-02,TREE_OF_THOUGHT,mcp__exa__web_search_exa
2026-04-02,TREE_OF_THOUGHT,mcp__exa__crawling_exa
2026-04-02,TREE_OF_THOUGHT,mcp__github__create_repository
2026-04-02,TREE_OF_THOUGHT,mcp__github__get_file_contents
2026-04-03,the_council,Agent
2026-04-03,the_council,Read
2026-04-03,the_council,Edit
2026-04-03,the_council,Grep
2026-04-03,the_council,Bash
2026-04-03,the_council,Write
2026-04-03,TREE_OF_THOUGHT,Glob
2026-04-03,TREE_OF_THOUGHT,Read
2026-04-03,TREE_OF_THOUGHT,Bash
2026-04-03,TREE_OF_THOUGHT,ToolSearch
2026-04-03,TREE_OF_THOUGHT,Agent
2026-04-03,TREE_OF_THOUGHT,Write
2026-04-03,TREE_OF_THOUGHT,Edit
2026-04-04,TREE_OF_THOUGHT,Glob
2026-04-04,TREE_OF_THOUGHT,Read
2026-04-04,TREE_OF_THOUGHT,Bash
2026-04-04,TREE_OF_THOUGHT,ToolSearch
2026-04-04,TREE_OF_THOUGHT,Agent
2026-04-04,TREE_OF_THOUGHT,Write
2026-04-04,TREE_OF_THOUGHT,Edit
2026-04-04,TREE_OF_THOUGHT,Grep
2026-04-06,TREE_OF_THOUGHT,Agent
2026-04-06,TREE_OF_THOUGHT,Glob
2026-04-06,TREE_OF_THOUGHT,Read
2026-04-06,TREE_OF_THOUGHT,ToolSearch
2026-04-06,TREE_OF_THOUGHT,TodoWrite
2026-04-06,TREE_OF_THOUGHT,Bash
2026-04-06,TREE_OF_THOUGHT,Write
2026-04-06,TREE_OF_THOUGHT,Edit
2026-04-07,reports,Bash
2026-04-07,reports,ToolSearch
2026-04-07,reports,TodoWrite
2026-04-07,reports,WebSearch
2026-04-07,reports,WebFetch
2026-04-07,reports,Write
2026-04-07,reports,Read
2026-04-07,reports,Edit
2026-04-07,TREE_OF_THOUGHT,Bash
2026-04-07,TREE_OF_THOUGHT,Read
2026-04-07,TREE_OF_THOUGHT,ToolSearch
2026-04-07,TREE_OF_THOUGHT,TodoWrite
2026-04-07,TREE_OF_THOUGHT,Write
2026-04-07,TREE_OF_THOUGHT,Edit
2026-04-07,TREE_OF_THOUGHT,Grep
2026-04-07,TREE_OF_THOUGHT,Agent
2026-04-08,numerical_model_fresh,Bash
2026-04-08,numerical_model_fresh,Read
2026-04-08,numerical_model_fresh,ToolSearch
2026-04-08,numerical_model_fresh,TodoWrite
2026-04-08,numerical_model_fresh,Write
2026-04-08,numerical_model_fresh,Edit
2026-04-08,numerical_model_fresh,Grep
2026-04-08,numerical_model_fresh,Agent
2026-04-08,PHD,Bash
2026-04-08,PHD,Read
2026-04-08,PHD,ToolSearch
2026-04-08,PHD,TodoWrite
2026-04-08,PHD,Write
2026-04-08,PHD,Edit
2026-04-08,PHD,Grep
2026-04-08,PHD,Agent
2026-04-08,TREE_OF_THOUGHT,Bash
2026-04-08,TREE_OF_THOUGHT,Read
2026-04-08,TREE_OF_THOUGHT,ToolSearch
2026-04-08,TREE_OF_THOUGHT,TodoWrite
2026-04-08,TREE_OF_THOUGHT,Write
2026-04-08,TREE_OF_THOUGHT,Edit
2026-04-08,TREE_OF_THOUGHT,Grep
2026-04-08,TREE_OF_THOUGHT,Agent
2026-04-09,numerical_model_fresh,Bash
2026-04-09,numerical_model_fresh,Read
2026-04-09,numerical_model_fresh,ToolSearch
2026-04-09,numerical_model_fresh,TodoWrite
2026-04-09,numerical_model_fresh,Write
2026-04-09,numerical_model_fresh,Edit
2026-04-09,numerical_model_fresh,Grep
2026-04-09,numerical_model_fresh,Agent
2026-04-09,PHD,Bash
2026-04-09,PHD,Read
2026-04-09,PHD,ToolSearch
2026-04-09,PHD,TodoWrite
2026-04-09,PHD,Write
2026-04-09,PHD,Edit
2026-04-09,PHD,Grep
2026-04-09,PHD,Agent
2026-04-09,TREE_OF_THOUGHT,Bash
2026-04-09,TREE_OF_THOUGHT,Read
2026-04-09,TREE_OF_THOUGHT,ToolSearch
2026-04-09,TREE_OF_THOUGHT,TodoWrite
2026-04-09,TREE_OF_THOUGHT,Write
2026-04-09,TREE_OF_THOUGHT,Edit
2026-04-09,TREE_OF_THOUGHT,Grep
2026-04-09,TREE_OF_THOUGHT,Agent
2026-04-10,numerical_model_fresh,Bash
2026-04-10,numerical_model_fresh,Read
2026-04-10,numerical_model_fresh,ToolSearch
2026-04-10,numerical_model_fresh,TodoWrite
2026-04-10,numerical_model_fresh,Write
2026-04-10,numerical_model_fresh,Edit
2026-04-10,numerical_model_fresh,Grep
2026-04-10,numerical_model_fresh,Agent
2026-04-10,numerical_model_fresh,WebFetch
2026-04-10,numerical_model_fresh,WebSearch
2026-04-10,numerical_model_fresh,AskUserQuestion
2026-04-10,numerical_model_fresh,Glob
2026-04-10,PHD,Agent
2026-04-10,PHD,Write
2026-04-10,PHD,Read
2026-04-10,PHD,Glob
2026-04-10,PHD,ToolSearch
2026-04-10,PHD,TodoWrite
2026-04-10,PHD,Bash
2026-04-10,PHD,Edit
2026-04-10,PHD,Grep
2026-04-10,TREE_OF_THOUGHT,Bash
2026-04-10,TREE_OF_THOUGHT,Read
2026-04-10,TREE_OF_THOUGHT,ToolSearch
2026-04-10,TREE_OF_THOUGHT,TodoWrite
2026-04-10,TREE_OF_THOUGHT,Write
2026-04-10,TREE_OF_THOUGHT,Edit
2026-04-10,TREE_OF_THOUGHT,Grep
2026-04-10,TREE_OF_THOUGHT,Agent
2026-04-10,TREE_OF_THOUGHT,WebFetch
2026-04-10,TREE_OF_THOUGHT,WebSearch
2026-04-10,TREE_OF_THOUGHT,AskUserQuestion
2026-04-10,TREE_OF_THOUGHT,Glob
2026-04-11,numerical_model_fresh,Bash
2026-04-11,numerical_model_fresh,Read
2026-04-11,numerical_model_fresh,ToolSearch
2026-04-11,numerical_model_fresh,TodoWrite
2026-04-11,numerical_model_fresh,Write
2026-04-11,numerical_model_fresh,Edit
2026-04-11,numerical_model_fresh,Grep
2026-04-11,numerical_model_fresh,Agent
2026-04-11,numerical_model_fresh,WebFetch
2026-04-11,numerical_model_fresh,WebSearch
2026-04-11,numerical_model_fresh,AskUserQuestion
2026-04-11,numerical_model_fresh,Glob
2026-04-11,TREE_OF_THOUGHT,Bash
2026-04-11,TREE_OF_THOUGHT,Read
2026-04-11,TREE_OF_THOUGHT,ToolSearch
2026-04-11,TREE_OF_THOUGHT,TodoWrite
2026-04-11,TREE_OF_THOUGHT,Write
2026-04-11,TREE_OF_THOUGHT,Edit
2026-04-11,TREE_OF_THOUGHT,Grep
2026-04-11,TREE_OF_THOUGHT,Agent
2026-04-11,TREE_OF_THOUGHT,WebFetch
2026-04-11,TREE_OF_THOUGHT,WebSearch
2026-04-11,TREE_OF_THOUGHT,AskUserQuestion
2026-04-11,TREE_OF_THOUGHT,Glob
2026-04-12,QUANT,Bash
2026-04-12,QUANT,Agent
2026-04-12,QUANT,ToolSearch
2026-04-12,QUANT,WebSearch
2026-04-12,QUANT,Write
2026-04-12,QUANT,Read
2026-04-12,QUANT,WebFetch
2026-04-12,QUANT,Glob
2026-04-12,QUANT,Edit
2026-04-12,QUANT,Grep
2026-04-12,TREE_OF_THOUGHT,Bash
2026-04-12,TREE_OF_THOUGHT,Agent
2026-04-12,TREE_OF_THOUGHT,ToolSearch
2026-04-12,TREE_OF_THOUGHT,TodoWrite
2026-04-12,TREE_OF_THOUGHT,Write
2026-04-12,TREE_OF_THOUGHT,Edit
2026-04-12,TREE_OF_THOUGHT,Read
2026-04-13,PHD,Bash
2026-04-13,PHD,Read
2026-04-13,PHD,Agent
2026-04-13,QUANT,Bash
2026-04-13,QUANT,Agent
2026-04-13,QUANT,ToolSearch
2026-04-13,QUANT,WebSearch
2026-04-13,QUANT,Write
2026-04-13,QUANT,Read
2026-04-13,QUANT,WebFetch
2026-04-13,QUANT,Glob
2026-04-13,QUANT,Edit
2026-04-13,QUANT,Grep
2026-04-13,TREE_OF_THOUGHT,Bash
2026-04-13,TREE_OF_THOUGHT,Read
2026-04-13,TREE_OF_THOUGHT,ToolSearch
2026-04-13,TREE_OF_THOUGHT,TodoWrite
2026-04-13,TREE_OF_THOUGHT,Write
2026-04-13,TREE_OF_THOUGHT,Edit
2026-04-13,TREE_OF_THOUGHT,Agent
2026-04-13,TREE_OF_THOUGHT,WebSearch
2026-04-13,TREE_OF_THOUGHT,WebFetch
2026-04-14,tmp,Read
2026-04-14,tmp,Bash
2026-04-14,tmp,Write
2026-04-14,tmp,Edit
2026-04-14,TREE_OF_THOUGHT,Read
2026-04-14,TREE_OF_THOUGHT,Bash
2026-04-14,TREE_OF_THOUGHT,Write
2026-04-14,TREE_OF_THOUGHT,Edit
2026-04-15,numerical_model_fresh,Read
2026-04-15,numerical_model_fresh,Bash
2026-04-15,numerical_model_fresh,ToolSearch
2026-04-15,numerical_model_fresh,TodoWrite
2026-04-15,numerical_model_fresh,Grep
2026-04-15,numerical_model_fresh,Write
2026-04-15,numerical_model_fresh,Edit
2026-04-15,paperA_dt_decision,Agent
2026-04-15,paperA_dt_decision,Bash
2026-04-15,paperA_dt_decision,Write
2026-04-15,paperA_dt_decision,Read
2026-04-15,paperA_dt_decision,Grep
2026-04-15,paperA_dt_decision,Edit
2026-04-15,paperA_dt_decision,ScheduleWakeup
2026-04-15,paperB_buckingham_pi,Bash
2026-04-15,paperB_buckingham_pi,Glob
2026-04-15,paperB_buckingham_pi,Read
2026-04-15,paperB_buckingham_pi,Edit
2026-04-15,paperB_buckingham_pi,Write
2026-04-15,PHD,Agent
2026-04-15,PHD,Bash
2026-04-15,PHD,Write
2026-04-15,PHD,Read
2026-04-15,PHD,Grep
2026-04-15,PHD,Edit
2026-04-15,site,Bash
2026-04-15,site,Read
2026-04-15,site,Glob
2026-04-15,site,Agent
2026-04-15,site,ToolSearch
2026-04-15,site,Write
2026-04-15,site,Edit
2026-04-15,TREE_OF_THOUGHT,Bash
2026-04-15,TREE_OF_THOUGHT,Read
2026-04-15,TREE_OF_THOUGHT,Glob
2026-04-15,TREE_OF_THOUGHT,Agent
2026-04-15,TREE_OF_THOUGHT,ToolSearch
2026-04-15,TREE_OF_THOUGHT,Write
2026-04-15,TREE_OF_THOUGHT,Edit
2026-04-16,ch4_1_optumgx_opensees_revised,Read
2026-04-16,ch4_1_optumgx_opensees_revised,Bash
2026-04-16,ch4_1_optumgx_opensees_revised,ToolSearch
2026-04-16,ch4_1_optumgx_opensees_revised,TodoWrite
2026-04-16,ch4_1_optumgx_opensees_revised,Agent
2026-04-16,ch4_1_optumgx_opensees_revised,Write
2026-04-16,ch4_1_optumgx_opensees_revised,Edit
2026-04-16,ch4_1_optumgx_opensees_revised,Grep
2026-04-16,ch5_centrifuge_testing_year2,Read
2026-04-16,ch5_centrifuge_testing_year2,Bash
2026-04-16,ch5_centrifuge_testing_year2,ToolSearch
2026-04-16,ch5_centrifuge_testing_year2,TodoWrite
2026-04-16,ch5_centrifuge_testing_year2,Agent
2026-04-16,ch5_centrifuge_testing_year2,Write
2026-04-16,ch5_centrifuge_testing_year2,Edit
2026-04-16,ch5_centrifuge_testing_year2,Grep
2026-04-16,numerical_model_fresh,Read
2026-04-16,numerical_model_fresh,Bash
2026-04-16,numerical_model_fresh,ToolSearch
2026-04-16,numerical_model_fresh,TodoWrite
2026-04-16,numerical_model_fresh,Agent
2026-04-16,numerical_model_fresh,Write
2026-04-16,numerical_model_fresh,Edit
2026-04-16,numerical_model_fresh,Grep
2026-04-16,paperB_buckingham_pi,Read
2026-04-16,paperB_buckingham_pi,Bash
2026-04-16,paperB_buckingham_pi,ToolSearch
2026-04-16,paperB_buckingham_pi,TodoWrite
2026-04-16,paperB_buckingham_pi,Agent
2026-04-16,paperB_buckingham_pi,Write
2026-04-16,paperB_buckingham_pi,Edit
2026-04-16,paperB_buckingham_pi,Grep
2026-04-16,paperB_buckingham_pi,WebFetch
2026-04-16,papers,Read
2026-04-16,papers,Bash
2026-04-16,papers,ToolSearch
2026-04-16,papers,TodoWrite
2026-04-16,papers,Agent
2026-04-16,papers,Write
2026-04-16,papers,Edit
2026-04-16,papers,Grep
2026-04-16,papers,WebFetch
2026-04-16,PHD,Bash
2026-04-16,PHD,Read
2026-04-16,PHD,Grep
2026-04-16,PHD,ToolSearch
2026-04-16,PHD,TodoWrite
2026-04-16,PHD,Write
2026-04-16,PHD,Edit
2026-04-16,PHD,TaskOutput
2026-04-16,PHD,TaskStop
2026-04-16,TREE_OF_THOUGHT,Read
2026-04-16,TREE_OF_THOUGHT,Bash
2026-04-16,TREE_OF_THOUGHT,ToolSearch
2026-04-16,TREE_OF_THOUGHT,TodoWrite
2026-04-16,TREE_OF_THOUGHT,Agent
2026-04-16,TREE_OF_THOUGHT,Write
2026-04-16,TREE_OF_THOUGHT,Edit
2026-04-16,TREE_OF_THOUGHT,Grep
2026-04-17,ai_style_checker,Agent
2026-04-17,ai_style_checker,Read
2026-04-17,ai_style_checker,Bash
2026-04-17,ai_style_checker,ToolSearch
2026-04-17,ai_style_checker,TodoWrite
2026-04-17,ai_style_checker,Write
2026-04-17,ai_style_checker,Edit
2026-04-17,ai_style_checker,Grep
2026-04-17,health_tracker,Bash
2026-04-17,health_tracker,ToolSearch
2026-04-17,health_tracker,TodoWrite
2026-04-17,health_tracker,Write
2026-04-17,health_tracker,Read
2026-04-17,health_tracker,Edit
2026-04-17,manuscript_pipeline,Agent
2026-04-17,manuscript_pipeline,Read
2026-04-17,manuscript_pipeline,Bash
2026-04-17,manuscript_pipeline,ToolSearch
2026-04-17,manuscript_pipeline,TodoWrite
2026-04-17,manuscript_pipeline,Write
2026-04-17,manuscript_pipeline,Edit
2026-04-17,manuscript_pipeline,Grep
2026-04-17,paperA_dt_decision,Read
2026-04-17,paperA_dt_decision,Bash
2026-04-17,paperA_dt_decision,ToolSearch
2026-04-17,paperA_dt_decision,TodoWrite
2026-04-17,paperA_dt_decision,Agent
2026-04-17,paperA_dt_decision,Write
2026-04-17,paperA_dt_decision,Edit
2026-04-17,paperA_dt_decision,Grep
2026-04-17,paperA_dt_decision,WebFetch
2026-04-17,paperB_buckingham_pi,Read
2026-04-17,paperB_buckingham_pi,Bash
2026-04-17,paperB_buckingham_pi,ToolSearch
2026-04-17,paperB_buckingham_pi,TodoWrite
2026-04-17,paperB_buckingham_pi,Agent
2026-04-17,paperB_buckingham_pi,Write
2026-04-17,paperB_buckingham_pi,Edit
2026-04-17,paperB_buckingham_pi,Grep
2026-04-17,paperB_buckingham_pi,WebFetch
2026-04-17,paperB_buckingham_pi,WebSearch
2026-04-17,paperE_encoder,Read
2026-04-17,paperE_encoder,Bash
2026-04-17,paperE_encoder,ToolSearch
2026-04-17,paperE_encoder,TodoWrite
2026-04-17,paperE_encoder,Agent
2026-04-17,paperE_encoder,Write
2026-04-17,paperE_encoder,Edit
2026-04-17,paperE_encoder,Grep
2026-04-17,paperE_encoder,WebFetch
2026-04-17,paperOp3_aes,Read
2026-04-17,paperOp3_aes,Bash
2026-04-17,paperOp3_aes,ToolSearch
2026-04-17,paperOp3_aes,TodoWrite
2026-04-17,paperOp3_aes,Agent
2026-04-17,paperOp3_aes,Write
2026-04-17,paperOp3_aes,Edit
2026-04-17,paperOp3_aes,Grep
2026-04-17,paperOp3_aes,WebFetch
2026-04-17,papers,Bash
2026-04-17,papers,Agent
2026-04-17,papers,ToolSearch
2026-04-17,papers,TodoWrite
2026-04-17,papers,Glob
2026-04-17,papers,Read
2026-04-17,papers,Write
2026-04-17,papers,Monitor
2026-04-17,papers,Edit
2026-04-17,papers,EnterPlanMode
2026-04-17,papers,ExitPlanMode
2026-04-17,papers,Grep
2026-04-17,paperV2_shm_sage,Read
2026-04-17,paperV2_shm_sage,Bash
2026-04-17,paperV2_shm_sage,ToolSearch
2026-04-17,paperV2_shm_sage,TodoWrite
2026-04-17,paperV2_shm_sage,Agent
2026-04-17,paperV2_shm_sage,Write
2026-04-17,paperV2_shm_sage,Edit
2026-04-17,paperV2_shm_sage,Grep
2026-04-17,paperV2_shm_sage,WebFetch
2026-04-17,pdf_search_engine,Agent
2026-04-17,pdf_search_engine,Read
2026-04-17,pdf_search_engine,Bash
2026-04-17,pdf_search_engine,ToolSearch
2026-04-17,pdf_search_engine,TodoWrite
2026-04-17,pdf_search_engine,Write
2026-04-17,pdf_search_engine,Edit
2026-04-17,pdf_search_engine,Grep
2026-04-17,publishing_engine,Agent
2026-04-17,publishing_engine,Read
2026-04-17,publishing_engine,Bash
2026-04-17,publishing_engine,ToolSearch
2026-04-17,publishing_engine,TodoWrite
2026-04-17,publishing_engine,Write
2026-04-17,publishing_engine,Edit
2026-04-17,publishing_engine,Grep
2026-04-17,sentence_evolver,Agent
2026-04-17,sentence_evolver,Read
2026-04-17,sentence_evolver,Bash
2026-04-17,sentence_evolver,ToolSearch
2026-04-17,sentence_evolver,TodoWrite
2026-04-17,sentence_evolver,Write
2026-04-17,sentence_evolver,Edit
2026-04-17,sentence_evolver,Grep
2026-04-17,TREE_OF_THOUGHT,Bash
